Artist,Album,Spotify_Album_ID,Spotify_Album_URL,Release_Date,Type,Number of Tracks,Artist URL,Album Art URL
*NSYNC,No Strings Attached,20RMokVwJ2wjQ0s8FOdOFC,https://open.spotify.com/album/20RMokVwJ2wjQ0s8FOdOFC,2000-03-21,album,12,https://open.spotify.com/artist/6Ff53KvcvAj5U7Z1vojB5o,https://i.scdn.co/image/ab67616d0000b273a6cb8fab778e1efc406a5909
10 Years,The Autumn Effect,1VlMcoG1aI4E4kBIVoH5cp,https://open.spotify.com/album/1VlMcoG1aI4E4kBIVoH5cp,2005-01-01,album,13,https://open.spotify.com/artist/0REMf7H0VP6DwfZ9MbuWph,https://i.scdn.co/image/ab67616d0000b27366812882de8214e916e4d9d1
10 Years,Division,0HWHNaD8qGNRT7UMCu5z7H,https://open.spotify.com/album/0HWHNaD8qGNRT7UMCu5z7H,2008-01-01,album,13,https://open.spotify.com/artist/0REMf7H0VP6DwfZ9MbuWph,https://i.scdn.co/image/ab67616d0000b273227bd9b4a9af3376db74250a
3 Doors Down,3 Doors Down,0e2vlZj9wAALaxr5Bhxvw8,https://open.spotify.com/album/0e2vlZj9wAALaxr5Bhxvw8,2008-01-01,album,12,https://open.spotify.com/artist/2RTUTCvo6onsAnheUk3aL9,https://i.scdn.co/image/ab67616d0000b27383341df0f125e14e22838afa
3 Doors Down,Away From The Sun,72olNArm75vOycSziqIX9Y,https://open.spotify.com/album/72olNArm75vOycSziqIX9Y,2002-11-12,album,12,https://open.spotify.com/artist/2RTUTCvo6onsAnheUk3aL9,https://i.scdn.co/image/ab67616d0000b27383c39b0d32eb4a2064e1e228
Adam Young,The Endurance,7vkB7oM7WhOQiwlqjx9eFm,https://open.spotify.com/album/7vkB7oM7WhOQiwlqjx9eFm,2016-12-01,album,11,https://open.spotify.com/artist/2Dr744zaEbNqmW9jxw4gfq,https://i.scdn.co/image/ab67616d0000b273913fa8dac3f861c46deecbe3
Adam Young,The Ascent of Everest,5MxrTHVSszAyIPtJ7CxA7q,https://open.spotify.com/album/5MxrTHVSszAyIPtJ7CxA7q,2016-05-01,album,7,https://open.spotify.com/artist/2Dr744zaEbNqmW9jxw4gfq,https://i.scdn.co/image/ab67616d0000b27338579a8acce3d63ba65d26fc
Adam Young,Voyager 1,7MSxAyclC6xHuF5dLoN8jq,https://open.spotify.com/album/7MSxAyclC6xHuF5dLoN8jq,2016-10-01,album,10,https://open.spotify.com/artist/2Dr744zaEbNqmW9jxw4gfq,https://i.scdn.co/image/ab67616d0000b27391c17e20a1fdeeaa3df684d6
Adam Young,Project Excelsior,3T1I8ojDt6zHCwfVLD1JYD,https://open.spotify.com/album/3T1I8ojDt6zHCwfVLD1JYD,2016-08-01,album,9,https://open.spotify.com/artist/2Dr744zaEbNqmW9jxw4gfq,https://i.scdn.co/image/ab67616d0000b273f61b9e787fe306e07ab1724b
Adam Young,Miracle in the Andes,5tSwWSewVMOPl7bIEOUlaS,https://open.spotify.com/album/5tSwWSewVMOPl7bIEOUlaS,2016-07-01,album,10,https://open.spotify.com/artist/2Dr744zaEbNqmW9jxw4gfq,https://i.scdn.co/image/ab67616d0000b273330d8cbb14324f2161adefd4
Alec Benjamin,Narrated For You,6jKZplJpy21R5lHaYHHjmZ,https://open.spotify.com/album/6jKZplJpy21R5lHaYHHjmZ,2018-11-16,album,12,https://open.spotify.com/artist/5IH6FPUwQTxPSXurCrcIov,https://i.scdn.co/image/ab67616d0000b273459d675aa0b6f3b211357370
Alter Bridge,One Day Remains,6hqietEuZCikevdO2oGTcx,https://open.spotify.com/album/6hqietEuZCikevdO2oGTcx,2004-08-10,album,11,https://open.spotify.com/artist/4DWX7u8BV0vZIQSpJQQDWU,https://i.scdn.co/image/ab67616d0000b273bc7ddb77993dd1d8d19c22a2
Alter Bridge,Blackbird,21lOBQT94kjWSiYQbpm3RG,https://open.spotify.com/album/21lOBQT94kjWSiYQbpm3RG,2007-01-01,album,13,https://open.spotify.com/artist/4DWX7u8BV0vZIQSpJQQDWU,https://i.scdn.co/image/ab67616d0000b27333fe3896fc5aef6cb728b467
Alter Bridge,Fortress,3oMt2cUO9IIttONwd6eHRO,https://open.spotify.com/album/3oMt2cUO9IIttONwd6eHRO,2013-01-01,album,12,https://open.spotify.com/artist/4DWX7u8BV0vZIQSpJQQDWU,https://i.scdn.co/image/ab67616d0000b273c2b04b337346a0763cff4712
Alter Bridge,Pawns & Kings,6GfoBh7p2LS5fMbYYMjj5b,https://open.spotify.com/album/6GfoBh7p2LS5fMbYYMjj5b,2022-10-14,album,10,https://open.spotify.com/artist/4DWX7u8BV0vZIQSpJQQDWU,https://i.scdn.co/image/ab67616d0000b273cf1a3d957fec51dd0bdd2b78
Alter Bridge,Walk The Sky,3CDDZa8pfzfxfDdtm7g84B,https://open.spotify.com/album/3CDDZa8pfzfxfDdtm7g84B,2019-10-18,album,14,https://open.spotify.com/artist/4DWX7u8BV0vZIQSpJQQDWU,https://i.scdn.co/image/ab67616d0000b273dd64630bfec32259fefbc216
Alter Bridge,AB III,0ocWLhnTiUKSq8Ksa3FX4Z,https://open.spotify.com/album/0ocWLhnTiUKSq8Ksa3FX4Z,2010-01-01,album,16,https://open.spotify.com/artist/4DWX7u8BV0vZIQSpJQQDWU,https://i.scdn.co/image/ab67616d0000b27301bbe7a86d0b96ec32b3631d
Alter Bridge,The Last Hero,3MVduTfdB4hSzMvTpspj33,https://open.spotify.com/album/3MVduTfdB4hSzMvTpspj33,2016-10-07,album,14,https://open.spotify.com/artist/4DWX7u8BV0vZIQSpJQQDWU,https://i.scdn.co/image/ab67616d0000b2731478f50a703db6917037b610
Alter Bridge,Live at the Royal Albert Hall Featuring the Parallax Orchestra,4JcPbp6OER74LF82eVfJ89,https://open.spotify.com/album/4JcPbp6OER74LF82eVfJ89,2018-09-07,album,21,https://open.spotify.com/artist/4DWX7u8BV0vZIQSpJQQDWU,https://i.scdn.co/image/ab67616d0000b273d86845a3671e0d47150fc164
Alter Bridge,Walk the Sky 2.0 (Deluxe),4MWCQtIlWNLTJ72pHjUaDw,https://open.spotify.com/album/4MWCQtIlWNLTJ72pHjUaDw,2020-11-06,album,21,https://open.spotify.com/artist/4DWX7u8BV0vZIQSpJQQDWU,https://i.scdn.co/image/ab67616d0000b273616d618bc3bf2b55c5bc0fae
Alter Bridge,Live at the O2 Arena,5Rti4l3Kz3jhPEQT2pt1ku,https://open.spotify.com/album/5Rti4l3Kz3jhPEQT2pt1ku,2017-09-08,album,19,https://open.spotify.com/artist/4DWX7u8BV0vZIQSpJQQDWU,https://i.scdn.co/image/ab67616d0000b27366ce1cc5417c22d41319064e
Andy Williams,The Andy Williams Christmas Album,4dcJHxlOJwtyypL7sx1qch,https://open.spotify.com/album/4dcJHxlOJwtyypL7sx1qch,1963-11-24,album,12,https://open.spotify.com/artist/4sj6D0zlMOl25nprDJBiU9,https://i.scdn.co/image/ab67616d0000b27398073965947f92f1641b8356
Audioslave,Revelations,6Ys6uRTMti54CH8VEo2xEt,https://open.spotify.com/album/6Ys6uRTMti54CH8VEo2xEt,2006-08-29,album,12,https://open.spotify.com/artist/2ziB7fzrXBoh1HUPS6sVFn,https://i.scdn.co/image/ab67616d0000b2732b8ac52203215122968d4d6a
Audioslave,Out of Exile,0HQhToIjonHnJRRPN4jeJU,https://open.spotify.com/album/0HQhToIjonHnJRRPN4jeJU,2005-01-01,album,12,https://open.spotify.com/artist/2ziB7fzrXBoh1HUPS6sVFn,https://i.scdn.co/image/ab67616d0000b27307301dd5fedf5ad64cde4882
Avicii,True,2H6i2CrWgXE1HookLu8Au0,https://open.spotify.com/album/2H6i2CrWgXE1HookLu8Au0,2013-01-01,album,10,https://open.spotify.com/artist/1vCWHaC5f2uS3yhpwWbIA6,https://i.scdn.co/image/ab67616d0000b273e14f11f796cef9f9a82691a7
B.o.B,B.o.B Presents: The Adventures of Bobby Ray,7apLPYT8szV1IqTxyVSy5P,https://open.spotify.com/album/7apLPYT8szV1IqTxyVSy5P,2010-04-27,album,12,https://open.spotify.com/artist/5ndkK3dpZLKtBklKjxNQwT,https://i.scdn.co/image/ab67616d0000b273484d121f0e2d2caf87d5d10b
B.o.B,Strange Clouds,7qqCw47pAWFzhwTpVRd0zE,https://open.spotify.com/album/7qqCw47pAWFzhwTpVRd0zE,2012-04-27,album,15,https://open.spotify.com/artist/5ndkK3dpZLKtBklKjxNQwT,https://i.scdn.co/image/ab67616d0000b273a191830c8b300bc71c2faac7
Backstreet Boys,Millennium,5ySxm9hxBNss01WCL7GLyQ,https://open.spotify.com/album/5ySxm9hxBNss01WCL7GLyQ,1999-05-18,album,12,https://open.spotify.com/artist/5rSXSAkZ67PYJSvpUpkOr7,https://i.scdn.co/image/ab67616d0000b2732160c02bc56f192df0f4986b
Band of Horses,Everything All The Time,7ik4rjxOnmwnAWWzjj5ni3,https://open.spotify.com/album/7ik4rjxOnmwnAWWzjj5ni3,2006-03-21,album,10,https://open.spotify.com/artist/0OdUWJ0sBjDrqHygGUXeCF,https://i.scdn.co/image/ab67616d0000b273024bdaecebd5e9d3b6a0949e
Bastille,Doom Days,2QzbL1DICo4xZnWr8Sw4fF,https://open.spotify.com/album/2QzbL1DICo4xZnWr8Sw4fF,2019-06-14,album,11,https://open.spotify.com/artist/7EQ0qTo7fWT7DPxmxtSYEc,https://i.scdn.co/image/ab67616d0000b273a16f3f34c52cbba368ef6210
Bastille,Bad Blood,64fQ94AVziavTPdnkCS6Nj,https://open.spotify.com/album/64fQ94AVziavTPdnkCS6Nj,2013-01-01,album,15,https://open.spotify.com/artist/7EQ0qTo7fWT7DPxmxtSYEc,https://i.scdn.co/image/ab67616d0000b273258225089decfb3d5c3718d3
Bastille,All This Bad Blood,5G6oMu9zNW2acdV0lqzI3L,https://open.spotify.com/album/5G6oMu9zNW2acdV0lqzI3L,2013-01-01,album,25,https://open.spotify.com/artist/7EQ0qTo7fWT7DPxmxtSYEc,https://i.scdn.co/image/ab67616d0000b273faee7306ec2f36aeccc4bc98
Bastille,"VS. (Other People’s Heartache, Pt. III)",1YXsPGQingGkJZLA8uuQNL,https://open.spotify.com/album/1YXsPGQingGkJZLA8uuQNL,2014-12-01,album,9,https://open.spotify.com/artist/7EQ0qTo7fWT7DPxmxtSYEc,https://i.scdn.co/image/ab67616d0000b273aec5a0e1c5c8b1b57072396a
Bastille,Remixed,32xPzu88bmeZHZBsTYI0ml,https://open.spotify.com/album/32xPzu88bmeZHZBsTYI0ml,2013-01-01,album,10,https://open.spotify.com/artist/7EQ0qTo7fWT7DPxmxtSYEc,https://i.scdn.co/image/ab67616d0000b2732a48e5f88f1daa178c987e17
Bastille,Give Me The Future,2A3BFOsrRHn0VQuafW2zYs,https://open.spotify.com/album/2A3BFOsrRHn0VQuafW2zYs,2022-02-04,album,13,https://open.spotify.com/artist/7EQ0qTo7fWT7DPxmxtSYEc,https://i.scdn.co/image/ab67616d0000b273cd37ef275443533c1e47caa9
Bastille,Give Me The Future + Dreams Of The Past,2dssFgPLHm6Y1mINk3JNJ8,https://open.spotify.com/album/2dssFgPLHm6Y1mINk3JNJ8,2022-08-26,album,27,https://open.spotify.com/artist/7EQ0qTo7fWT7DPxmxtSYEc,https://i.scdn.co/image/ab67616d0000b273ff348b27d6fc52dd2d854bcb
Bastille,“&” (Ampersand),6zwfwSKAbtnCfKgzBywL2w,https://open.spotify.com/album/6zwfwSKAbtnCfKgzBywL2w,2024-10-25,album,14,https://open.spotify.com/artist/7EQ0qTo7fWT7DPxmxtSYEc,https://i.scdn.co/image/ab67616d0000b2738a73d4803cc121fda010ee50
Ben Harper and Relentless7,White Lies for Dark Times,2YzNFiJIcbftn1g5Bbx0Mg,https://open.spotify.com/album/2YzNFiJIcbftn1g5Bbx0Mg,2009-01-01,album,11,https://open.spotify.com/artist/0C6JGCMf7TAm7Io89rBnPh,https://i.scdn.co/image/ab67616d0000b27343a682042915a842221f249a
Brandon Heath,What If We,69d6G8jlDQXmnpP4aV3azk,https://open.spotify.com/album/69d6G8jlDQXmnpP4aV3azk,2008,album,11,https://open.spotify.com/artist/0W7wIkmxoGQbnZYn2z2sLj,https://i.scdn.co/image/ab67616d0000b273a11911d197f2ed4bb8ada0a7
Breaking Point,Coming Of Age,0Nca8cTXpNtHyIzrqlrrsi,https://open.spotify.com/album/0Nca8cTXpNtHyIzrqlrrsi,2001-01-01,album,11,https://open.spotify.com/artist/5Mmel3Q37hvWQoPBKI5E0Q,https://i.scdn.co/image/ab67616d0000b2730abc61ff0b8246d85ce18ea5
Breaking Point,Beautiful Disorder,4ohgZ7sgQ0Kg4gFnvVEsgp,https://open.spotify.com/album/4ohgZ7sgQ0Kg4gFnvVEsgp,2005-01-01,album,11,https://open.spotify.com/artist/5Mmel3Q37hvWQoPBKI5E0Q,https://i.scdn.co/image/ab67616d0000b273bc306550f3fc8b57729ceaa1
Britney Spears,Oops!... I Did It Again,5PmgtkodFl2Om3hMXONDll,https://open.spotify.com/album/5PmgtkodFl2Om3hMXONDll,2000-05-16,album,12,https://open.spotify.com/artist/26dSoYclwsYLMAKD3tpOr4,https://i.scdn.co/image/ab67616d0000b273c50b7d96737041f4bfd844d6
Childish Gambino,"""Awaken, My Love!""",4JCybsNZUXWrK2Jpyn12Ni,https://open.spotify.com/album/4JCybsNZUXWrK2Jpyn12Ni,2016-12-02,album,11,https://open.spotify.com/artist/73sIBHcqh3Z3NyqHKZ7FOL,https://i.scdn.co/image/ab67616d0000b2731c29562d6e8c1f55bb1311d5
Childish Gambino,Camp,01MRGgNbfWrE291tQjw9ta,https://open.spotify.com/album/01MRGgNbfWrE291tQjw9ta,2011-11-15,album,13,https://open.spotify.com/artist/73sIBHcqh3Z3NyqHKZ7FOL,https://i.scdn.co/image/ab67616d0000b2736182cfe2e2a090d125c81dc0
Childish Gambino,Because the Internet,5h0KYWMZIg8xT6eRGYkNMh,https://open.spotify.com/album/5h0KYWMZIg8xT6eRGYkNMh,2013-12-10,album,19,https://open.spotify.com/artist/73sIBHcqh3Z3NyqHKZ7FOL,https://i.scdn.co/image/ab67616d0000b27321b2b485aef32bcc96c1875c
Chris Cornell,Scream,5S0nZaBZCnu3bN5UjfjtmZ,https://open.spotify.com/album/5S0nZaBZCnu3bN5UjfjtmZ,2009-01-01,album,14,https://open.spotify.com/artist/0XHiH53dHrvbwfjYM7en7I,https://i.scdn.co/image/ab67616d0000b273c257ad08e5e5b6236776924b
Chris Stapleton,Higher,6kcZ35GY84A3FBIcIKVqTW,https://open.spotify.com/album/6kcZ35GY84A3FBIcIKVqTW,2023-11-10,album,14,https://open.spotify.com/artist/4YLtscXsxbVgi031ovDDdh,https://i.scdn.co/image/ab67616d0000b273de2e30cf7205b45a0ba3877f
Chris Stapleton,Traveller,7lxHnls3yQNl8B9bILmHj7,https://open.spotify.com/album/7lxHnls3yQNl8B9bILmHj7,2015-05-04,album,14,https://open.spotify.com/artist/4YLtscXsxbVgi031ovDDdh,https://i.scdn.co/image/ab67616d0000b273540fc1d083eac5bcff8dad21
Coldplay,Ghost Stories,2G4AUqfwxcV1UdQjm2ouYr,https://open.spotify.com/album/2G4AUqfwxcV1UdQjm2ouYr,2014-05-16,album,9,https://open.spotify.com/artist/4gzpq5DPGxSnKTe4SA8HAU,https://i.scdn.co/image/ab67616d0000b273e5a95573f1b91234630fd2cf
Coldplay,Mylo Xyloto,2R7iJz5uaHjLEVnMkloO18,https://open.spotify.com/album/2R7iJz5uaHjLEVnMkloO18,2011-10-24,album,14,https://open.spotify.com/artist/4gzpq5DPGxSnKTe4SA8HAU,https://i.scdn.co/image/ab67616d0000b273de0cd11d7b31c3bd1fd5983d
Coldplay,A Head Full of Dreams,3cfAM8b8KqJRoIzt3zLKqw,https://open.spotify.com/album/3cfAM8b8KqJRoIzt3zLKqw,2015-12-04,album,11,https://open.spotify.com/artist/4gzpq5DPGxSnKTe4SA8HAU,https://i.scdn.co/image/ab67616d0000b2738ff7c3580d429c8212b9a3b6
Creed,Weathered,2ENlJXygQX6en4iziijet6,https://open.spotify.com/album/2ENlJXygQX6en4iziijet6,2001-01-01,album,11,https://open.spotify.com/artist/43sZBwHjahUvgbx1WNIkIz,https://i.scdn.co/image/ab67616d0000b273a32f2ae4dade83e0d7a294f4
Creed,Full Circle,63a1DgGeNsC197MCiV0X0i,https://open.spotify.com/album/63a1DgGeNsC197MCiV0X0i,2009-01-01,album,12,https://open.spotify.com/artist/43sZBwHjahUvgbx1WNIkIz,https://i.scdn.co/image/ab67616d0000b273024d18f1943e08dbf91208d9
Creed,My Own Prison,50EmY7MXVsXoUEdwieYbud,https://open.spotify.com/album/50EmY7MXVsXoUEdwieYbud,1997-01-01,album,10,https://open.spotify.com/artist/43sZBwHjahUvgbx1WNIkIz,https://i.scdn.co/image/ab67616d0000b2737a12793a027ffd587b93381a
Crossfade,Crossfade,1namjaJZ23ozXXB7X2d4hy,https://open.spotify.com/album/1namjaJZ23ozXXB7X2d4hy,2004-04-13,album,10,https://open.spotify.com/artist/4IR8ZkpbyyKrqsIzchF3NB,https://i.scdn.co/image/ab67616d0000b2736655dcd1e8b57d0022f856e6
Crossfade,Falling Away,7Kp4pLv4XFdozWox7MzzIH,https://open.spotify.com/album/7Kp4pLv4XFdozWox7MzzIH,2006-08-29,album,11,https://open.spotify.com/artist/4IR8ZkpbyyKrqsIzchF3NB,https://i.scdn.co/image/ab67616d0000b273933de98d39c37d007f701aa1
Daughtry,Leave This Town,4a3wP4t2IswXR40aXQcYrM,https://open.spotify.com/album/4a3wP4t2IswXR40aXQcYrM,2009-07-14,album,12,https://open.spotify.com/artist/5P5FTygHyx2G57oszR3Wot,https://i.scdn.co/image/ab67616d0000b273d119adfbfbbd3757cadf0440
Daughtry,Daughtry,7MEQdKzqoG2QJYcT2XEKsW,https://open.spotify.com/album/7MEQdKzqoG2QJYcT2XEKsW,2006-11-20,album,12,https://open.spotify.com/artist/5P5FTygHyx2G57oszR3Wot,https://i.scdn.co/image/ab67616d0000b2730b9c38fede4b4c41f419cc8e
David Crowder Band,Give Us Rest Or A Requiem Mass In C (The Happiest Of All Keys),0drr3h6hP9p4lDhZ6n2U8X,https://open.spotify.com/album/0drr3h6hP9p4lDhZ6n2U8X,2012-01-01,album,34,https://open.spotify.com/artist/7DhP3bGT7dzr1dCkkH5mTS,https://i.scdn.co/image/ab67616d0000b27325ef9c1d34a21e08e6a105a2
David Crowder Band,Remedy,5h56FapDnThxOj2yID8VmB,https://open.spotify.com/album/5h56FapDnThxOj2yID8VmB,2007-01-01,album,10,https://open.spotify.com/artist/7DhP3bGT7dzr1dCkkH5mTS,https://i.scdn.co/image/ab67616d0000b273557f0832c0cad890d85bbb87
David Crowder Band,A Collision Or (3 + 4 = 7),7lOol9Af6dE4R2yZEgCSWh,https://open.spotify.com/album/7lOol9Af6dE4R2yZEgCSWh,2005-01-01,album,21,https://open.spotify.com/artist/7DhP3bGT7dzr1dCkkH5mTS,https://i.scdn.co/image/ab67616d0000b273789198c0c577abcf0998732e
David Crowder Band,Church Music,69UXabkBHbKMJ0DQjctXtK,https://open.spotify.com/album/69UXabkBHbKMJ0DQjctXtK,2009-01-01,album,17,https://open.spotify.com/artist/7DhP3bGT7dzr1dCkkH5mTS,https://i.scdn.co/image/ab67616d0000b2736f12544ab2c6054babb53774
David Crowder Band,Can You Hear Us?,3RxaREnieNE5kb2HeyHPRk,https://open.spotify.com/album/3RxaREnieNE5kb2HeyHPRk,2002-01-01,album,12,https://open.spotify.com/artist/7DhP3bGT7dzr1dCkkH5mTS,https://i.scdn.co/image/ab67616d0000b2733f21faedc37a886eadb66bfe
David Crowder Band,Illuminate,1YWOoJNdvfCfQXaSSzYTVd,https://open.spotify.com/album/1YWOoJNdvfCfQXaSSzYTVd,2003-01-01,album,16,https://open.spotify.com/artist/7DhP3bGT7dzr1dCkkH5mTS,https://i.scdn.co/image/ab67616d0000b27328ae1582b7220a38e62f001a
David Crowder Band,All I Can Say,0PyzEzCoAWYrXTHYQeIvw1,https://open.spotify.com/album/0PyzEzCoAWYrXTHYQeIvw1,1998-07-01,album,11,https://open.spotify.com/artist/7DhP3bGT7dzr1dCkkH5mTS,https://i.scdn.co/image/ab67616d0000b273652d84f7d6c97ebc14580483
Dean Lewis,A Place We Knew,61G7KL6rpj167r6H4CzS8C,https://open.spotify.com/album/61G7KL6rpj167r6H4CzS8C,2019-03-22,album,12,https://open.spotify.com/artist/3QSQFmccmX81fWCUSPTS7y,https://i.scdn.co/image/ab67616d0000b273a787f718fb485b66d6219247
Default,The Fallout (Limited Edition),7IUXXDlKqqLRkJLXrrhXCo,https://open.spotify.com/album/7IUXXDlKqqLRkJLXrrhXCo,2001,album,14,https://open.spotify.com/artist/4nCzT3o7lMgCWBcmdwCMsT,https://i.scdn.co/image/ab67616d0000b2734ccf89f391fcde2b39c0703d
Default,One Thing Remains,0KwBPTz8XEqIBv0ry4gqhf,https://open.spotify.com/album/0KwBPTz8XEqIBv0ry4gqhf,2005-10-05,album,11,https://open.spotify.com/artist/4nCzT3o7lMgCWBcmdwCMsT,https://i.scdn.co/image/ab67616d0000b2736e0384ebd5640a7df939ed2f
Default,Elocation,0uw5nOqBmy7xoX37eUaBGH,https://open.spotify.com/album/0uw5nOqBmy7xoX37eUaBGH,2003-11-25,album,13,https://open.spotify.com/artist/4nCzT3o7lMgCWBcmdwCMsT,https://i.scdn.co/image/ab67616d0000b27300f1453c3760bf6999439b86
Default,Comes and Goes,6Di2fkzikDovPvpB6wg0fZ,https://open.spotify.com/album/6Di2fkzikDovPvpB6wg0fZ,2009,album,11,https://open.spotify.com/artist/4nCzT3o7lMgCWBcmdwCMsT,https://i.scdn.co/image/ab67616d0000b27397dafb24b54ee2cf1da5241a
Default,The Fallout,0ZTnCQYG66s4cYC3E6thKB,https://open.spotify.com/album/0ZTnCQYG66s4cYC3E6thKB,2001-10-01,album,11,https://open.spotify.com/artist/4nCzT3o7lMgCWBcmdwCMsT,https://i.scdn.co/image/ab67616d0000b273da2e07351a6e00dd9bafac75
Disturbed,The Sickness,6IvosVciDOQ9NAPaKwhtLY,https://open.spotify.com/album/6IvosVciDOQ9NAPaKwhtLY,2000-03-07,album,12,https://open.spotify.com/artist/3TOqt5oJwL9BE2NG9MEwDa,https://i.scdn.co/image/ab67616d0000b2732b222dcd5c4fcac7c0e81da2
Disturbed,Evolution,0V73oq7XX0jQL8hd1EZWe4,https://open.spotify.com/album/0V73oq7XX0jQL8hd1EZWe4,2018-10-18,album,10,https://open.spotify.com/artist/3TOqt5oJwL9BE2NG9MEwDa,https://i.scdn.co/image/ab67616d0000b27356351a5b4d78e94390514484
Disturbed,Indestructible,4VuLU3255BdSZzFRMjKIfo,https://open.spotify.com/album/4VuLU3255BdSZzFRMjKIfo,2008-04-29,album,12,https://open.spotify.com/artist/3TOqt5oJwL9BE2NG9MEwDa,https://i.scdn.co/image/ab67616d0000b273de62438d367a25210e5cb25d
Disturbed,Ten Thousand Fists,0Te7OvzuUMnbsqCneIDUm6,https://open.spotify.com/album/0Te7OvzuUMnbsqCneIDUm6,2005-09-19,album,14,https://open.spotify.com/artist/3TOqt5oJwL9BE2NG9MEwDa,https://i.scdn.co/image/ab67616d0000b273bbdafec608fc5329ec2ad831
Disturbed,Believe,6PfpFynKzUEFitHt7BwcVL,https://open.spotify.com/album/6PfpFynKzUEFitHt7BwcVL,2002-09-16,album,12,https://open.spotify.com/artist/3TOqt5oJwL9BE2NG9MEwDa,https://i.scdn.co/image/ab67616d0000b2739ad624c49239d6868b5f3aad
Ed Sheeran,x (Deluxe Edition),1xn54DMo2qIqBuMqHtUsFd,https://open.spotify.com/album/1xn54DMo2qIqBuMqHtUsFd,2014-06-21,album,16,https://open.spotify.com/artist/6eUKZXaKkcviH0Ku9w2n3V,https://i.scdn.co/image/ab67616d0000b27313b3e37318a0c247b550bccd
Eddie Vedder,Ukulele Songs,5gFlatIsjQFc37EaIoTG2S,https://open.spotify.com/album/5gFlatIsjQFc37EaIoTG2S,2011-01-01,album,16,https://open.spotify.com/artist/0mXTJETA4XUa12MmmXxZJh,https://i.scdn.co/image/ab67616d0000b2738f9f739a8544bd615a8be132
Edgewater,South Of Sideways,2wi6NNRXbwsMWA7dDJ62uY,https://open.spotify.com/album/2wi6NNRXbwsMWA7dDJ62uY,2004-01-01,album,12,https://open.spotify.com/artist/2AJFbCb91HyLr6xVeERbYj,https://i.scdn.co/image/ab67616d0000b273ff7cd0ac054485872a61512a
Edgewater,Seasons Change,3JjAi3YZLkXeQoObBMfn4x,https://open.spotify.com/album/3JjAi3YZLkXeQoObBMfn4x,2019-04-05,album,11,https://open.spotify.com/artist/2AJFbCb91HyLr6xVeERbYj,https://i.scdn.co/image/ab67616d0000b273ab94b078794445a611f75da4
Ellie Goulding,Lights,4oVG376KpWeBaxrKqRxVri,https://open.spotify.com/album/4oVG376KpWeBaxrKqRxVri,2010,album,11,https://open.spotify.com/artist/0X2BH1fck6amBIoJhDVmmJ,https://i.scdn.co/image/ab67616d0000b273a992179a520d2eb38fa41e64
Ellie Goulding,Halcyon Days,3KVeczHxWg5YFKb0gS62f2,https://open.spotify.com/album/3KVeczHxWg5YFKb0gS62f2,2013-01-01,album,21,https://open.spotify.com/artist/0X2BH1fck6amBIoJhDVmmJ,https://i.scdn.co/image/ab67616d0000b273474301b91976f6310bbe90a1
Eminem,Recovery,47BiFcV59TQi2s9SkBo2pb,https://open.spotify.com/album/47BiFcV59TQi2s9SkBo2pb,2010-06-18,album,17,https://open.spotify.com/artist/7dGJo4pcD2V6oG8kP0tJRR,https://i.scdn.co/image/ab67616d0000b273c08d5fa5c0f1a834acef5100
Evanescence,Fallen,02w1xMzzdF2OJxTeh1basm,https://open.spotify.com/album/02w1xMzzdF2OJxTeh1basm,2003-03-04,album,12,https://open.spotify.com/artist/5nGIFgo0shDenQYSE0Sn7c,https://i.scdn.co/image/ab67616d0000b27325f49ab23f0ec6332efef432
Fall Out Boy,Infinity On High,0hHopYqXhuvYSHtVyrcb1g,https://open.spotify.com/album/0hHopYqXhuvYSHtVyrcb1g,2007-01-01,album,19,https://open.spotify.com/artist/4UXqAaa6dQYAk18Lv7PEgX,https://i.scdn.co/image/ab67616d0000b273da071ae7564949fbbfc6904d
Fall Out Boy,Save Rock And Roll,5jKMfS57mHTHzlSFGfPFxU,https://open.spotify.com/album/5jKMfS57mHTHzlSFGfPFxU,2013-04-12,album,11,https://open.spotify.com/artist/4UXqAaa6dQYAk18Lv7PEgX,https://i.scdn.co/image/ab67616d0000b273483a98632e23f6d2623ab75c
Fall Out Boy,Save Rock and Roll,5jKMfS57mHTHzlSFGfPFxU,https://open.spotify.com/album/5jKMfS57mHTHzlSFGfPFxU,2013-04-12,album,11,https://open.spotify.com/artist/4UXqAaa6dQYAk18Lv7PEgX,https://i.scdn.co/image/ab67616d0000b273483a98632e23f6d2623ab75c
Falling In Reverse,Popular Monster,2knEuvsxqHMAoxlQpIdpQD,https://open.spotify.com/album/2knEuvsxqHMAoxlQpIdpQD,2024-08-16,album,11,https://open.spotify.com/artist/2CmaKO2zEGJ1NWpS1yfVGz,https://i.scdn.co/image/ab67616d0000b273cd850819595472eae0c06f66
Finger Eleven,Them Vs. You Vs. Me,46E0Nwu5a1jgFauChii6WI,https://open.spotify.com/album/46E0Nwu5a1jgFauChii6WI,2007-01-01,album,11,https://open.spotify.com/artist/0niJkG4tKkne3zwr7I8n9n,https://i.scdn.co/image/ab67616d0000b273189d5169ebb056d8953bdd70
Foo Fighters,The Colour And The Shape,30ly6F6Xl0TKmyBCU50Khv,https://open.spotify.com/album/30ly6F6Xl0TKmyBCU50Khv,1997-05-20,album,14,https://open.spotify.com/artist/7jy3rLJdDQY21OgRLCZ9sD,https://i.scdn.co/image/ab67616d0000b2730389027010b78a5e7dce426b
Foo Fighters,There Is Nothing Left To Lose,28q2N44ocJECgf8sbHEDfY,https://open.spotify.com/album/28q2N44ocJECgf8sbHEDfY,1999-11-02,album,11,https://open.spotify.com/artist/7jy3rLJdDQY21OgRLCZ9sD,https://i.scdn.co/image/ab67616d0000b2731759635c92b6314d3d3c9fe9
Foo Fighters,Sonic Highways,2qwN15acAl3sm3Idce5vK9,https://open.spotify.com/album/2qwN15acAl3sm3Idce5vK9,2014-11-09,album,8,https://open.spotify.com/artist/7jy3rLJdDQY21OgRLCZ9sD,https://i.scdn.co/image/ab67616d0000b27378425bdddbcb0e2726f14bf2
Foo Fighters,In Your Honor,2eprpJCYbCbPZRKVGIEJxZ,https://open.spotify.com/album/2eprpJCYbCbPZRKVGIEJxZ,2005-06-14,album,20,https://open.spotify.com/artist/7jy3rLJdDQY21OgRLCZ9sD,https://i.scdn.co/image/ab67616d0000b2736c44679425e2695001b35d72
Foo Fighters,The Colour and the Shape,30ly6F6Xl0TKmyBCU50Khv,https://open.spotify.com/album/30ly6F6Xl0TKmyBCU50Khv,1997-05-20,album,14,https://open.spotify.com/artist/7jy3rLJdDQY21OgRLCZ9sD,https://i.scdn.co/image/ab67616d0000b2730389027010b78a5e7dce426b
Foo Fighters,There Is Nothing Left to Lose,28q2N44ocJECgf8sbHEDfY,https://open.spotify.com/album/28q2N44ocJECgf8sbHEDfY,1999-11-02,album,11,https://open.spotify.com/artist/7jy3rLJdDQY21OgRLCZ9sD,https://i.scdn.co/image/ab67616d0000b2731759635c92b6314d3d3c9fe9
Foster The People,Torches,7Kmmw7Z5D2UD5MVwdm10sT,https://open.spotify.com/album/7Kmmw7Z5D2UD5MVwdm10sT,2011-05-23,album,10,https://open.spotify.com/artist/7gP3bB2nilZXLfPHJhMdvc,https://i.scdn.co/image/ab67616d0000b273121d5f92cf90576907dfb1e5
Foster The People,Paradise State of Mind,27ynHS80OjICdw3qLNMgQP,https://open.spotify.com/album/27ynHS80OjICdw3qLNMgQP,2024-08-16,album,11,https://open.spotify.com/artist/7gP3bB2nilZXLfPHJhMdvc,https://i.scdn.co/image/ab67616d0000b273f29bc92a6314f290b96ae829
Foster the People,Torches,7Kmmw7Z5D2UD5MVwdm10sT,https://open.spotify.com/album/7Kmmw7Z5D2UD5MVwdm10sT,2011-05-23,album,10,https://open.spotify.com/artist/7gP3bB2nilZXLfPHJhMdvc,https://i.scdn.co/image/ab67616d0000b273121d5f92cf90576907dfb1e5
Fuel,Sunburn,5RfsLBvBDYMVReXYKeep1R,https://open.spotify.com/album/5RfsLBvBDYMVReXYKeep1R,1997,album,13,https://open.spotify.com/artist/0EyuKHE1AeE9lWUF8mzKVp,https://i.scdn.co/image/ab67616d0000b273ec4fe09203f25c4cba99e37f
Fuel,Something Like Human,1OmZcrLO7y9cL7pq8Ge0LL,https://open.spotify.com/album/1OmZcrLO7y9cL7pq8Ge0LL,2000-09-19,album,15,https://open.spotify.com/artist/0EyuKHE1AeE9lWUF8mzKVp,https://i.scdn.co/image/ab67616d0000b273e02669b28cb76940fc63bed1
Fuel,Natural Selection,0IKwaTLwgQIeW3FxeodS5Z,https://open.spotify.com/album/0IKwaTLwgQIeW3FxeodS5Z,2003-09-23,album,12,https://open.spotify.com/artist/0EyuKHE1AeE9lWUF8mzKVp,https://i.scdn.co/image/ab67616d0000b273f4b323f988e9b84e251abcbe
Fuel,Puppet Strings,6zZBAkDtQVNHFIs5QkqXKj,https://open.spotify.com/album/6zZBAkDtQVNHFIs5QkqXKj,2013,album,10,https://open.spotify.com/artist/0EyuKHE1AeE9lWUF8mzKVp,https://i.scdn.co/image/ab67616d0000b273ea97b8669446502ebc54336d
Fuel,Angels & Devils,25f6oSCrbwtyOGguS5OOGn,https://open.spotify.com/album/25f6oSCrbwtyOGguS5OOGn,2007-08-07,album,13,https://open.spotify.com/artist/0EyuKHE1AeE9lWUF8mzKVp,https://i.scdn.co/image/ab67616d0000b273e7fa618cefd26fd27e50ea65
fun.,Some Nights,7iycyHwOW2plljYIK6I1Zo,https://open.spotify.com/album/7iycyHwOW2plljYIK6I1Zo,2012-02-21,album,12,https://open.spotify.com/artist/5nCi3BB41mBaMH9gfr6Su0,https://i.scdn.co/image/ab67616d0000b27305fb4e9947c6edaf3836766e
Gorillaz,Gorillaz,0YvYmLBFFwYxgI4U9KKgUm,https://open.spotify.com/album/0YvYmLBFFwYxgI4U9KKgUm,2001,album,18,https://open.spotify.com/artist/3AA28KZvwAUcZuOKwyblJQ,https://i.scdn.co/image/ab67616d0000b273c73a7bb15f43bae86215934b
Gorillaz,Demon Days,0bUTHlWbkSQysoM3VsWldT,https://open.spotify.com/album/0bUTHlWbkSQysoM3VsWldT,2005-05-23,album,15,https://open.spotify.com/artist/3AA28KZvwAUcZuOKwyblJQ,https://i.scdn.co/image/ab67616d0000b27319d85a472f328a6ed9b704cf
Gorillaz,Plastic Beach,2dIGnmEIy1WZIcZCFSj6i8,https://open.spotify.com/album/2dIGnmEIy1WZIcZCFSj6i8,2010-03-03,album,16,https://open.spotify.com/artist/3AA28KZvwAUcZuOKwyblJQ,https://i.scdn.co/image/ab67616d0000b273661d019f34569f79eae9e985
Gotye,Making Mirrors,1HjSyGjmLNjRAKgT9t1cna,https://open.spotify.com/album/1HjSyGjmLNjRAKgT9t1cna,2011-01-01,album,12,https://open.spotify.com/artist/2AsusXITU8P25dlRNhcAbG,https://i.scdn.co/image/ab67616d0000b273e1d47c00ddecbfb810c807ed
Green or Blue,A Shot Below the Moon,5W7ODNpkg4qAwF3Dfn6rl9,https://open.spotify.com/album/5W7ODNpkg4qAwF3Dfn6rl9,2014-02-06,album,13,https://open.spotify.com/artist/5WN7eP4wsSRU5jKywkuYmU,https://i.scdn.co/image/ab67616d0000b27325b354e5ec2d5ea668e54d09
Grizfolk,Waking Up The Giants,6R6Xy2gwyTO6GS1Cs4K1cI,https://open.spotify.com/album/6R6Xy2gwyTO6GS1Cs4K1cI,2015-12-04,album,12,https://open.spotify.com/artist/6Xa4nbrSTfbioA4lLShbjh,https://i.scdn.co/image/ab67616d0000b273bda2178fd88a11c96dde5e2e
Halsey,Manic,68enXe5XcJdciSDAZr0Alr,https://open.spotify.com/album/68enXe5XcJdciSDAZr0Alr,2020-01-17,album,16,https://open.spotify.com/artist/26VFTg2z8YR0cCuwLzESi2,https://i.scdn.co/image/ab67616d0000b2737636e1c9e67eaafc9f49aefd
Halsey,BADLANDS,5U5rt98q8Jqx4lP3RdqYfO,https://open.spotify.com/album/5U5rt98q8Jqx4lP3RdqYfO,2015-08-28,album,11,https://open.spotify.com/artist/26VFTg2z8YR0cCuwLzESi2,https://i.scdn.co/image/ab67616d0000b273bd02d63417be256b22bffc28
Halsey,The Great Impersonator,4C23ofFqNhsaAEkThw2yRB,https://open.spotify.com/album/4C23ofFqNhsaAEkThw2yRB,2024-10-25,album,18,https://open.spotify.com/artist/26VFTg2z8YR0cCuwLzESi2,https://i.scdn.co/image/ab67616d0000b27318ea10e93b9e6b2b06475faa
Hinder,Extreme Behavior,2SmDuZSWtjukp9gkG2mcBQ,https://open.spotify.com/album/2SmDuZSWtjukp9gkG2mcBQ,2005-01-01,album,10,https://open.spotify.com/artist/6BMhCQJYHxxKAeqYS1p5rY,https://i.scdn.co/image/ab67616d0000b273395bf2151b99ef7f8b3116b5
James Arthur,Back from the Edge,7oiJYvEJHsmYtrgviAVIBD,https://open.spotify.com/album/7oiJYvEJHsmYtrgviAVIBD,2016-10-28,album,17,https://open.spotify.com/artist/4IWBUUAFIplrNtaOHcJPRM,https://i.scdn.co/image/ab67616d0000b27320beb61f61fcbeb33b10a9ab
James Bay,Changes All The Time,1Dds4p0qcMEnSE7jlMEt8n,https://open.spotify.com/album/1Dds4p0qcMEnSE7jlMEt8n,2024-10-04,album,11,https://open.spotify.com/artist/4EzkuveR9pLvDVFNx6foYD,https://i.scdn.co/image/ab67616d0000b2739ee701eef621f69f3c2967ed
JAY-Z,The Blueprint 3,2CUT0104gySOIvqwtXeFsX,https://open.spotify.com/album/2CUT0104gySOIvqwtXeFsX,2009-09-08,album,15,https://open.spotify.com/artist/3nFkdlSjzX9mRTtwJOzDYB,https://i.scdn.co/image/ab67616d0000b273fec1b815bb3c50a64a90fd10
Jeremy Camp,When You Speak,0ZhquyWDlKCae6wcNjIouZ,https://open.spotify.com/album/0ZhquyWDlKCae6wcNjIouZ,2021-09-10,album,13,https://open.spotify.com/artist/5wpEBloInversG3zp3CVAk,https://i.scdn.co/image/ab67616d0000b2739c45ccff474ecf08467166d4
Jeremy Camp,Deeper Waters,6UsQegGmzA4l3CGihGaWRo,https://open.spotify.com/album/6UsQegGmzA4l3CGihGaWRo,2024-05-17,album,13,https://open.spotify.com/artist/5wpEBloInversG3zp3CVAk,https://i.scdn.co/image/ab67616d0000b273a3e5265e8e737c57025b628c
Jeremy Camp,Carried Me The Worship Project,5fUe1JDzKfuCClrQnOWr5H,https://open.spotify.com/album/5fUe1JDzKfuCClrQnOWr5H,2004-01-01,album,13,https://open.spotify.com/artist/5wpEBloInversG3zp3CVAk,https://i.scdn.co/image/ab67616d0000b2732c56ba709f3a21e258459807
Jeremy Camp,Jeremy Camp Live,1iWkofzK9NJ5jBbTmsdx9F,https://open.spotify.com/album/1iWkofzK9NJ5jBbTmsdx9F,2009-11-13,album,15,https://open.spotify.com/artist/5wpEBloInversG3zp3CVAk,https://i.scdn.co/image/ab67616d0000b27391cb6105f660a1088e12d560
Jeremy Camp,Beyond Measure,6kG1T07a1LW71iQIwyK852,https://open.spotify.com/album/6kG1T07a1LW71iQIwyK852,2006-01-01,album,12,https://open.spotify.com/artist/5wpEBloInversG3zp3CVAk,https://i.scdn.co/image/ab67616d0000b273cd3b4ccf684f6524ef6875ce
Jeremy Camp,Stay,5gbs9nxCzkbMdQRYXj955d,https://open.spotify.com/album/5gbs9nxCzkbMdQRYXj955d,2002-01-01,album,12,https://open.spotify.com/artist/5wpEBloInversG3zp3CVAk,https://i.scdn.co/image/ab67616d0000b273e62c1db57dbbf56405bd9974
Jeremy Camp,Speaking Louder Than Before,0GOyWcbeMSqnvMfCD1wQzt,https://open.spotify.com/album/0GOyWcbeMSqnvMfCD1wQzt,2008-01-01,album,12,https://open.spotify.com/artist/5wpEBloInversG3zp3CVAk,https://i.scdn.co/image/ab67616d0000b27331990f9c8b504365d9d3a647
Jet,Shaka Rock,62irbG3MbuDZ7T9Y5JQRU1,https://open.spotify.com/album/62irbG3MbuDZ7T9Y5JQRU1,2009-08-21,album,12,https://open.spotify.com/artist/5ypxebeHEIXjMtJb17uJlI,https://i.scdn.co/image/ab67616d0000b27339190dd6ba6e3c27053d7d96
Jet,Shine On,6auIhh2zuKlsdcZ6srb85R,https://open.spotify.com/album/6auIhh2zuKlsdcZ6srb85R,2006-09-29,album,15,https://open.spotify.com/artist/5ypxebeHEIXjMtJb17uJlI,https://i.scdn.co/image/ab67616d0000b273cc7ef84e91beacdb2f48c1bf
Jon Foreman,Departures,6XjPtcU79xRGRXvCx3Owlj,https://open.spotify.com/album/6XjPtcU79xRGRXvCx3Owlj,2021-02-12,album,12,https://open.spotify.com/artist/5D3h9ZoobhetjXw3dKhcaq,https://i.scdn.co/image/ab67616d0000b273e39b31fbb6ad67790a3961e8
Jon Foreman,In Bloom,6gc1IqKVv87XukZlYsJxxo,https://open.spotify.com/album/6gc1IqKVv87XukZlYsJxxo,2024-05-31,album,12,https://open.spotify.com/artist/5D3h9ZoobhetjXw3dKhcaq,https://i.scdn.co/image/ab67616d0000b273bdb19ebfdf6bb1b74261c808
Kanye West,My Beautiful Dark Twisted Fantasy,20r762YmB5HeofjMCiPMLv,https://open.spotify.com/album/20r762YmB5HeofjMCiPMLv,2010-11-22,album,13,https://open.spotify.com/artist/5K4W6rqBFWDnAN6FQUkS6x,https://i.scdn.co/image/ab67616d0000b273d9194aa18fa4c9362b47464f
Kanye West,Graduation,4SZko61aMnmgvNhfhgTuD3,https://open.spotify.com/album/4SZko61aMnmgvNhfhgTuD3,2007-09-11,album,14,https://open.spotify.com/artist/5K4W6rqBFWDnAN6FQUkS6x,https://i.scdn.co/image/ab67616d0000b27326f7f19c7f0381e56156c94a
Kanye West,Late Registration,5ll74bqtkcXlKE7wwkMq4g,https://open.spotify.com/album/5ll74bqtkcXlKE7wwkMq4g,2005-08-30,album,21,https://open.spotify.com/artist/5K4W6rqBFWDnAN6FQUkS6x,https://i.scdn.co/image/ab67616d0000b273428d2255141c2119409a31b2
Kanye West,808s & Heartbreak,3WFTGIO6E3Xh4paEOBY9OU,https://open.spotify.com/album/3WFTGIO6E3Xh4paEOBY9OU,2008-11-24,album,12,https://open.spotify.com/artist/5K4W6rqBFWDnAN6FQUkS6x,https://i.scdn.co/image/ab67616d0000b273346d77e155d854735410ed18
Kanye West,The College Dropout,4Uv86qWpGTxf7fU7lG5X6F,https://open.spotify.com/album/4Uv86qWpGTxf7fU7lG5X6F,2004-02-10,album,21,https://open.spotify.com/artist/5K4W6rqBFWDnAN6FQUkS6x,https://i.scdn.co/image/ab67616d0000b27325b055377757b3cdd6f26b78
Kid Cudi,Man On The Moon: The End Of Day,47y3PbX8oIDCkYAFylCJz0,https://open.spotify.com/album/47y3PbX8oIDCkYAFylCJz0,2009-09-15,album,15,https://open.spotify.com/artist/0fA0VVWsXO9YnASrzqfmYu,https://i.scdn.co/image/ab67616d0000b273aab2c3c3f1f3207137d915c9
Lights,PEP,2El7FWTNM5fE8BbMN3qFlB,https://open.spotify.com/album/2El7FWTNM5fE8BbMN3qFlB,2022-04-01,album,13,https://open.spotify.com/artist/5pdyjBIaY5o1yOyexGIUc6,https://i.scdn.co/image/ab67616d0000b2736d9764e8e9cad63ef3ea7424
Lights,Skin & Earth,2mIXb9B938B1rel6OaRrrZ,https://open.spotify.com/album/2mIXb9B938B1rel6OaRrrZ,2017-09-22,album,14,https://open.spotify.com/artist/5pdyjBIaY5o1yOyexGIUc6,https://i.scdn.co/image/ab67616d0000b273de85cf778e3f72a4016e1bf8
Lights,Siberia (Acoustic),6h7WcCGbVOeoXnhbcZJY5f,https://open.spotify.com/album/6h7WcCGbVOeoXnhbcZJY5f,2013-01-01,album,10,https://open.spotify.com/artist/5pdyjBIaY5o1yOyexGIUc6,https://i.scdn.co/image/ab67616d0000b27386e27c7a0e12a20c4868b17b
Like A Storm,The End of the Beginning,2raS79fDL4qcrGivHs4OKJ,https://open.spotify.com/album/2raS79fDL4qcrGivHs4OKJ,2009-09-29,album,12,https://open.spotify.com/artist/5gFZo6Oh5WehnbEj0XtxiF,https://i.scdn.co/image/ab67616d0000b27337f3934bfefc81fe44929064
Linkin Park,Hybrid Theory,2pKw6GERJVAD61449B1EEM,https://open.spotify.com/album/2pKw6GERJVAD61449B1EEM,2000-10-24,album,12,https://open.spotify.com/artist/6XyY86QOPPrYVGvF9ch6wz,https://i.scdn.co/image/ab67616d0000b2736741ca6e9ba6fdc166037321
Linkin Park,Meteora,4Gfnly5CzMJQqkUFfoHaP3,https://open.spotify.com/album/4Gfnly5CzMJQqkUFfoHaP3,2003-03-25,album,13,https://open.spotify.com/artist/6XyY86QOPPrYVGvF9ch6wz,https://i.scdn.co/image/ab67616d0000b2735f1f51d14e8bea89484ecd1b
Linkin Park,Papercuts,1X472EvsSqH09RyrqbtyXU,https://open.spotify.com/album/1X472EvsSqH09RyrqbtyXU,2024-04-12,album,20,https://open.spotify.com/artist/6XyY86QOPPrYVGvF9ch6wz,https://i.scdn.co/image/ab67616d0000b273163d1c5eddd35473f030f2d4
Linkin Park,Minutes to Midnight,2tlTBLz2w52rpGCLBGyGw6,https://open.spotify.com/album/2tlTBLz2w52rpGCLBGyGw6,2007-05-14,album,12,https://open.spotify.com/artist/6XyY86QOPPrYVGvF9ch6wz,https://i.scdn.co/image/ab67616d0000b2736e996745f2c7b8036abef213
Logic,Bobby Tarantino II,4F87p1aiFwHeU4uu65MaPV,https://open.spotify.com/album/4F87p1aiFwHeU4uu65MaPV,2018-03-09,album,13,https://open.spotify.com/artist/4xRYI6VqpkE3UwrDrAZL8L,https://i.scdn.co/image/ab67616d0000b273e19b1b51cdd35051e17cf6dc
Logic,Everybody,1HiN2YXZcc3EjmVZ4WjfBk,https://open.spotify.com/album/1HiN2YXZcc3EjmVZ4WjfBk,2017-05-05,album,13,https://open.spotify.com/artist/4xRYI6VqpkE3UwrDrAZL8L,https://i.scdn.co/image/ab67616d0000b273cfdf40cf325b609a52457805
Maroon 5,V,2Auw0pTT6EcQdvHNimhLQI,https://open.spotify.com/album/2Auw0pTT6EcQdvHNimhLQI,2014-09-02,album,12,https://open.spotify.com/artist/04gDigrS5kc9YWfZHwBETP,https://i.scdn.co/image/ab67616d0000b273442b53773d50e1b5369bb16c
Maroon 5,Songs About Jane,1Rv9WRKyYhFaGbuYDaQunN,https://open.spotify.com/album/1Rv9WRKyYhFaGbuYDaQunN,2002-06-25,album,12,https://open.spotify.com/artist/04gDigrS5kc9YWfZHwBETP,https://i.scdn.co/image/ab67616d0000b27317b3850d758fff5a2301e537
Matchbox Twenty,Yourself or Someone Like You,4vUXTcKz7tXxrNl84meN6i,https://open.spotify.com/album/4vUXTcKz7tXxrNl84meN6i,1996-10-01,album,12,https://open.spotify.com/artist/3Ngh2zDBRPEriyxQDAMKd1,https://i.scdn.co/image/ab67616d0000b27323dbfb8b3b1be429587f5380
Myles Kennedy,The Ides of March,4tGVlRZ7MjAN3bo34gFHOP,https://open.spotify.com/album/4tGVlRZ7MjAN3bo34gFHOP,2021-05-14,album,11,https://open.spotify.com/artist/2YZOQlBE1v44RxPEAVSdVR,https://i.scdn.co/image/ab67616d0000b273e16509c101541a9e68c4e43c
Myles Kennedy,The Art Of Letting Go,0eXQmC5w5ziGRBN3yhnQKK,https://open.spotify.com/album/0eXQmC5w5ziGRBN3yhnQKK,2024-10-11,album,10,https://open.spotify.com/artist/2YZOQlBE1v44RxPEAVSdVR,https://i.scdn.co/image/ab67616d0000b273507dd9f88d0efc613c42f020
NEEDTOBREATHE,The Outsiders,3BB1Pe1PfijkrftFVmBEBs,https://open.spotify.com/album/3BB1Pe1PfijkrftFVmBEBs,2009-08-21,album,14,https://open.spotify.com/artist/610EjgFatGvVPtib97jQ8G,https://i.scdn.co/image/ab67616d0000b273bdf7c38502354bad813db49a
NEEDTOBREATHE,Out of Body,65WwczdrIsAOeBwyL3EFxf,https://open.spotify.com/album/65WwczdrIsAOeBwyL3EFxf,2020-08-29,album,12,https://open.spotify.com/artist/610EjgFatGvVPtib97jQ8G,https://i.scdn.co/image/ab67616d0000b2735d6059d17e7ce28f40a7a3a3
NEEDTOBREATHE,Into The Mystery,2vDmR7Be0zQwcxDnHAqe5X,https://open.spotify.com/album/2vDmR7Be0zQwcxDnHAqe5X,2021-07-30,album,12,https://open.spotify.com/artist/610EjgFatGvVPtib97jQ8G,https://i.scdn.co/image/ab67616d0000b2738327c31bacbfa2ba31691eda
NF,HOPE,6zaisPwfcIAfdUGPj3mmGY,https://open.spotify.com/album/6zaisPwfcIAfdUGPj3mmGY,2023-04-07,album,13,https://open.spotify.com/artist/6fOMl44jA4Sp5b9PpYCkzz,https://i.scdn.co/image/ab67616d0000b273ff8a4276b3be31c839557439
NF,The Search,46xdC4Qcvscfs3Ai2RIHcv,https://open.spotify.com/album/46xdC4Qcvscfs3Ai2RIHcv,2019-07-26,album,20,https://open.spotify.com/artist/6fOMl44jA4Sp5b9PpYCkzz,https://i.scdn.co/image/ab67616d0000b273942a0c9ac8f1def7c8805044
NF,CLOUDS (THE MIXTAPE),7eQGtkzCgrIWDOe76E9F8t,https://open.spotify.com/album/7eQGtkzCgrIWDOe76E9F8t,2021-03-26,album,11,https://open.spotify.com/artist/6fOMl44jA4Sp5b9PpYCkzz,https://i.scdn.co/image/ab67616d0000b273e0783b9378aa3857b8a9d24d
NF,Perception,1KOmHyNLuOe5YrPhD3Juuf,https://open.spotify.com/album/1KOmHyNLuOe5YrPhD3Juuf,2017-10-06,album,16,https://open.spotify.com/artist/6fOMl44jA4Sp5b9PpYCkzz,https://i.scdn.co/image/ab67616d0000b273cd733919ee57d0cc466e152f
NF,Mansion,3Qq4kVfHPrs8xPKIYKmctl,https://open.spotify.com/album/3Qq4kVfHPrs8xPKIYKmctl,2015-03-31,album,12,https://open.spotify.com/artist/6fOMl44jA4Sp5b9PpYCkzz,https://i.scdn.co/image/ab67616d0000b27395d5d85909d5deb5cee9f311
NF,Therapy Session,75fT8UQEDnekHNhRnbdpNI,https://open.spotify.com/album/75fT8UQEDnekHNhRnbdpNI,2016-04-22,album,14,https://open.spotify.com/artist/6fOMl44jA4Sp5b9PpYCkzz,https://i.scdn.co/image/ab67616d0000b27314c95b3975386061f46f3983
Nickelback,All The Right Reasons,3eZd2XbhLyPcgbgcsLTZh3,https://open.spotify.com/album/3eZd2XbhLyPcgbgcsLTZh3,2005-09-26,album,11,https://open.spotify.com/artist/6deZN1bslXzeGvOLaLMOIF,https://i.scdn.co/image/ab67616d0000b27307fb7d8037f3962394c493ca
Nickelback,Silver Side Up,5fKL7vMTXvhR9tov8Kqt3u,https://open.spotify.com/album/5fKL7vMTXvhR9tov8Kqt3u,2001-09-11,album,10,https://open.spotify.com/artist/6deZN1bslXzeGvOLaLMOIF,https://i.scdn.co/image/ab67616d0000b273699a422d25adc550dc5aa11c
Nickelback,Live From Nashville,2WaRFVSRoYF4sW35doUmdF,https://open.spotify.com/album/2WaRFVSRoYF4sW35doUmdF,2024-11-15,album,18,https://open.spotify.com/artist/6deZN1bslXzeGvOLaLMOIF,https://i.scdn.co/image/ab67616d0000b2736b3e0ef942733638f16e7e53
OK Go,Oh No,1qN6qh1gwgrYTCdSq21gov,https://open.spotify.com/album/1qN6qh1gwgrYTCdSq21gov,2005-01-01,album,14,https://open.spotify.com/artist/3hozsZ9hqNq7CoBGYNlFTz,https://i.scdn.co/image/ab67616d0000b27371e01645abce04dda00e1c0c
OneRepublic,Native,20lOt6G8MHv8ZO7ViOmiP7,https://open.spotify.com/album/20lOt6G8MHv8ZO7ViOmiP7,2013-01-01,album,12,https://open.spotify.com/artist/5Pwc4xIPtQLFEnJriah9YJ,https://i.scdn.co/image/ab67616d0000b2739e2f95ae77cf436017ada9cb
Owl City,All Things Bright and Beautiful,4DiBfnAx5c8fkACkmlqiIB,https://open.spotify.com/album/4DiBfnAx5c8fkACkmlqiIB,2011-01-01,album,13,https://open.spotify.com/artist/07QEuhtrNmmZ0zEcqE9SF6,https://i.scdn.co/image/ab67616d0000b2730841bde9d96dd49688b0ba87
Pearl Jam,Dark Matter,7MNrrItJpom6uMJWdT0XD8,https://open.spotify.com/album/7MNrrItJpom6uMJWdT0XD8,2024-04-19,album,11,https://open.spotify.com/artist/1w5Kfo2jwwIPruYS2UWh56,https://i.scdn.co/image/ab67616d0000b2736fcdcbbd9cae9001ca5b20d5
Pearl Jam,Backspacer,4DCwNXpnKEBYbls0T4LQzN,https://open.spotify.com/album/4DCwNXpnKEBYbls0T4LQzN,2009-09-19,album,12,https://open.spotify.com/artist/1w5Kfo2jwwIPruYS2UWh56,https://i.scdn.co/image/ab67616d0000b273cd1c5e0054c122d9aa3f829a
Pearl Jam,Ten,5B4PYA7wNN4WdEXdIJu58a,https://open.spotify.com/album/5B4PYA7wNN4WdEXdIJu58a,1991-08-27,album,11,https://open.spotify.com/artist/1w5Kfo2jwwIPruYS2UWh56,https://i.scdn.co/image/ab67616d0000b273d400d27cba05bb0545533864
Pearl Jam,Vs.,3BSOiAas8BpJOii3kCPyjV,https://open.spotify.com/album/3BSOiAas8BpJOii3kCPyjV,1993-10-19,album,15,https://open.spotify.com/artist/1w5Kfo2jwwIPruYS2UWh56,https://i.scdn.co/image/ab67616d0000b273777344aba9d5b5785b4593a5
Pearl Jam,MTV Unplugged,1ghzhhlGuTLCD790oXWJwX,https://open.spotify.com/album/1ghzhhlGuTLCD790oXWJwX,2020-10-22,album,7,https://open.spotify.com/artist/1w5Kfo2jwwIPruYS2UWh56,https://i.scdn.co/image/ab67616d0000b273add2474f5952482c05611f6c
Pearl Jam,Lightning Bolt,01WEcEzoa9mfh8fIDhvV1M,https://open.spotify.com/album/01WEcEzoa9mfh8fIDhvV1M,2013-01-01,album,12,https://open.spotify.com/artist/1w5Kfo2jwwIPruYS2UWh56,https://i.scdn.co/image/ab67616d0000b273fa475954245b93ca3167469e
Pearl Jam,Vitalogy,5pd9B3KQWKshHw4lnsSLNy,https://open.spotify.com/album/5pd9B3KQWKshHw4lnsSLNy,1994-11-22,album,17,https://open.spotify.com/artist/1w5Kfo2jwwIPruYS2UWh56,https://i.scdn.co/image/ab67616d0000b273f0f6b8bc425633e6ed6369c4
Pearl Jam,Binaural,1RuYprt6Qlqu286h1f4dzZ,https://open.spotify.com/album/1RuYprt6Qlqu286h1f4dzZ,2000-05-16,album,13,https://open.spotify.com/artist/1w5Kfo2jwwIPruYS2UWh56,https://i.scdn.co/image/ab67616d0000b273370ece74b1dcfdc34264f41b
Pearl Jam,Yield,5zsDtoSrXK4usJ4MB1tCh2,https://open.spotify.com/album/5zsDtoSrXK4usJ4MB1tCh2,1998-02-17,album,13,https://open.spotify.com/artist/1w5Kfo2jwwIPruYS2UWh56,https://i.scdn.co/image/ab67616d0000b273a53f06a45b489abe8f577134
Pearl Jam,No Code,3FKhxgSZdtJBIjdHsjbxI0,https://open.spotify.com/album/3FKhxgSZdtJBIjdHsjbxI0,1996-08-06,album,13,https://open.spotify.com/artist/1w5Kfo2jwwIPruYS2UWh56,https://i.scdn.co/image/ab67616d0000b2734c29f49b11488856e468719c
Pearl Jam,Riot Act,7AOWw68DEPnDmTpquZw8bG,https://open.spotify.com/album/7AOWw68DEPnDmTpquZw8bG,2002-11-08,album,15,https://open.spotify.com/artist/1w5Kfo2jwwIPruYS2UWh56,https://i.scdn.co/image/ab67616d0000b273a20dd7a979699da6dce878ae
Phil Wickham,Cannons,6eRIt8uO4IgmXGFTN4b1rC,https://open.spotify.com/album/6eRIt8uO4IgmXGFTN4b1rC,2007-10-05,album,12,https://open.spotify.com/artist/5d1JhBfyb58upMXCZOdbQu,https://i.scdn.co/image/ab67616d0000b27361c520336a71eb1708d80555
Phil Wickham,Hymn Of Heaven,51IGu0d5eyVVO3wAxIm2Ep,https://open.spotify.com/album/51IGu0d5eyVVO3wAxIm2Ep,2021-06-25,album,13,https://open.spotify.com/artist/5d1JhBfyb58upMXCZOdbQu,https://i.scdn.co/image/ab67616d0000b273d1b612d5418c459ea18bcbaa
Phil Wickham,I Believe,3pp2YfqjfhCB8erfKpncIc,https://open.spotify.com/album/3pp2YfqjfhCB8erfKpncIc,2023-08-18,album,14,https://open.spotify.com/artist/5d1JhBfyb58upMXCZOdbQu,https://i.scdn.co/image/ab67616d0000b2733cb4b2902fd3c91256b6b770
Phil Wickham,Hymn Of Heaven (Acoustic Sessions),6ptJ2eWD8XmTwzeTgFUebR,https://open.spotify.com/album/6ptJ2eWD8XmTwzeTgFUebR,2022-03-25,album,12,https://open.spotify.com/artist/5d1JhBfyb58upMXCZOdbQu,https://i.scdn.co/image/ab67616d0000b2730954a80d37e43ccc32fd34a1
Phil Wickham,Heaven & Earth,1REUtxsMboujnyPU1laW6v,https://open.spotify.com/album/1REUtxsMboujnyPU1laW6v,2009-11-17,album,12,https://open.spotify.com/artist/5d1JhBfyb58upMXCZOdbQu,https://i.scdn.co/image/ab67616d0000b273f6e097955f0ea5430e6f5351
Post Malone,AUSTIN,6r1lh7fHMB499vGKtIyJLy,https://open.spotify.com/album/6r1lh7fHMB499vGKtIyJLy,2023-07-28,album,17,https://open.spotify.com/artist/246dkjvS1zLTtiykXe5h60,https://i.scdn.co/image/ab67616d0000b27371cae34ad5a39bdab78af13e
Post Malone,beerbongs & bentleys,6trNtQUgC8cgbWcqoMYkOR,https://open.spotify.com/album/6trNtQUgC8cgbWcqoMYkOR,2018-04-27,album,18,https://open.spotify.com/artist/246dkjvS1zLTtiykXe5h60,https://i.scdn.co/image/ab67616d0000b273b1c4b76e23414c9f20242268
Puddle Of Mudd,Famous,64gmkAgWQqEGJtvAaGm2La,https://open.spotify.com/album/64gmkAgWQqEGJtvAaGm2La,2007-01-01,album,11,https://open.spotify.com/artist/3dXaa6jwM7B52GZpaJEIr5,https://i.scdn.co/image/ab67616d0000b273d4db245afb190263a38b52f1
Puddle Of Mudd,Come Clean,4oWz3E9jTrBe9sVkiX2sJ5,https://open.spotify.com/album/4oWz3E9jTrBe9sVkiX2sJ5,2001-08-28,album,12,https://open.spotify.com/artist/3dXaa6jwM7B52GZpaJEIr5,https://i.scdn.co/image/ab67616d0000b27353cf4c30b11cf78c7bf6b793
Puddle of Mudd,Life On Display,3D56Jm3fIPaD64pt55ol50,https://open.spotify.com/album/3D56Jm3fIPaD64pt55ol50,2003-11-25,album,13,https://open.spotify.com/artist/3dXaa6jwM7B52GZpaJEIr5,https://i.scdn.co/image/ab67616d0000b27320a83be8b74bd838931bc4a2
Red,End Of Silence,3ntOXFMHUPIedU3l2QNE0n,https://open.spotify.com/album/3ntOXFMHUPIedU3l2QNE0n,2006-06-06,album,11,https://open.spotify.com/artist/01crEa9G3pNpXZ5m7wuHOk,https://i.scdn.co/image/ab67616d0000b2739bb59162c120bc6396d6900f
Red,Until We Have Faces,3mCFgW3TWFsRTD1Kc1yEtO,https://open.spotify.com/album/3mCFgW3TWFsRTD1Kc1yEtO,2011-02-01,album,11,https://open.spotify.com/artist/01crEa9G3pNpXZ5m7wuHOk,https://i.scdn.co/image/ab67616d0000b27369369a37140c4061d4e7a2ab
Red,Innocence & Instinct,4sruD6fFajEm7CWetpxQd9,https://open.spotify.com/album/4sruD6fFajEm7CWetpxQd9,2009-08-25,album,10,https://open.spotify.com/artist/01crEa9G3pNpXZ5m7wuHOk,https://i.scdn.co/image/ab67616d0000b273f81cbb10f6abc4348763cb21
Rocco DeLuca and The Burden,I Trust You To Kill Me,0RIdZ9EV1vTcUNi3nK4tK7,https://open.spotify.com/album/0RIdZ9EV1vTcUNi3nK4tK7,2006-03-14,album,12,https://open.spotify.com/artist/6bllZtx0FQKwp40G2UGiHS,https://i.scdn.co/image/ab67616d0000b2733136912de8f8e5867d3e1a86
Scott Stapp,Proof Of Life,2YQpKkCKBJrlASKb2716aM,https://open.spotify.com/album/2YQpKkCKBJrlASKb2716aM,2013-11-05,album,11,https://open.spotify.com/artist/6HySSUk2KthFj3bd9R61ql,https://i.scdn.co/image/ab67616d0000b273f20c0f8e0b32277cfca57afd
Scott Stapp,The Great Divide,2uefLvb1JxgvWT6Tvbfw6T,https://open.spotify.com/album/2uefLvb1JxgvWT6Tvbfw6T,2005-11-22,album,10,https://open.spotify.com/artist/6HySSUk2KthFj3bd9R61ql,https://i.scdn.co/image/ab67616d0000b27351e25bd77a9f80611cea5db2
Seether,Disclaimer II,1mMgrxFYBUMKANGbapmXxi,https://open.spotify.com/album/1mMgrxFYBUMKANGbapmXxi,2004-01-01,album,20,https://open.spotify.com/artist/6B5c4sch27tWHAGdarpPaW,https://i.scdn.co/image/ab67616d0000b2732b08b69dddd1cb3976a9fa40
Seether,Disclaimer,5u0UdiircjbveLg8cs39iw,https://open.spotify.com/album/5u0UdiircjbveLg8cs39iw,2002-01-01,album,12,https://open.spotify.com/artist/6B5c4sch27tWHAGdarpPaW,https://i.scdn.co/image/ab67616d0000b2731085abdeea4d93b7c1d39554
Seether,Isolate And Medicate,4ZpfSlHwUXaL6kgFTL6hMk,https://open.spotify.com/album/4ZpfSlHwUXaL6kgFTL6hMk,2014-01-01,album,10,https://open.spotify.com/artist/6B5c4sch27tWHAGdarpPaW,https://i.scdn.co/image/ab67616d0000b273754e9d511ba0f55c3b9bda4b
Seether,Holding Onto Strings Better Left To Fray,1Bjmcy5hWGdGQ0zANfgIzh,https://open.spotify.com/album/1Bjmcy5hWGdGQ0zANfgIzh,2011-01-01,album,12,https://open.spotify.com/artist/6B5c4sch27tWHAGdarpPaW,https://i.scdn.co/image/ab67616d0000b27339477981dfefab8d7526a0b6
Seether,Karma and Effect,1C5xrwfzgDM0hz7Kb035V3,https://open.spotify.com/album/1C5xrwfzgDM0hz7Kb035V3,2005-01-01,album,14,https://open.spotify.com/artist/6B5c4sch27tWHAGdarpPaW,https://i.scdn.co/image/ab67616d0000b273c66ad69a4c9fec63e6f49a3a
Seether,The Surface Seems So Far,1EozAc4lNqwMvlAhEEXk6w,https://open.spotify.com/album/1EozAc4lNqwMvlAhEEXk6w,2024-09-20,album,11,https://open.spotify.com/artist/6B5c4sch27tWHAGdarpPaW,https://i.scdn.co/image/ab67616d0000b2732c02a7879c560c9690b75cc6
Seether,Isolate and Medicate,4ZpfSlHwUXaL6kgFTL6hMk,https://open.spotify.com/album/4ZpfSlHwUXaL6kgFTL6hMk,2014-01-01,album,10,https://open.spotify.com/artist/6B5c4sch27tWHAGdarpPaW,https://i.scdn.co/image/ab67616d0000b273754e9d511ba0f55c3b9bda4b
Shinedown,The Sound of Madness,4PeRcYNYVB1mD4wemj5zld,https://open.spotify.com/album/4PeRcYNYVB1mD4wemj5zld,2008-06-23,album,11,https://open.spotify.com/artist/70BYFdaZbEKbeauJ670ysI,https://i.scdn.co/image/ab67616d0000b273a8884c298d3fc9b70c4e9196
Shinedown,Threat to Survival,7969zwJB8p021EBcCUjsv9,https://open.spotify.com/album/7969zwJB8p021EBcCUjsv9,2015-09-18,album,11,https://open.spotify.com/artist/70BYFdaZbEKbeauJ670ysI,https://i.scdn.co/image/ab67616d0000b2737b6fda92d5912fef92f373de
Shinedown,Amaryllis,2WvIDc4wdKshyFh2EzLAs0,https://open.spotify.com/album/2WvIDc4wdKshyFh2EzLAs0,2012-03-23,album,12,https://open.spotify.com/artist/70BYFdaZbEKbeauJ670ysI,https://i.scdn.co/image/ab67616d0000b273f975547b38522bb35ea09625
Shinedown,Planet Zero,7tWcsQLHpvXnUPN1jsSaGw,https://open.spotify.com/album/7tWcsQLHpvXnUPN1jsSaGw,2022-07-01,album,20,https://open.spotify.com/artist/70BYFdaZbEKbeauJ670ysI,https://i.scdn.co/image/ab67616d0000b27343e8a35289397f6010638c3c
Shinedown,ATTENTION ATTENTION,0dtwIycvTaFNjo44QRwWz7,https://open.spotify.com/album/0dtwIycvTaFNjo44QRwWz7,2018-05-04,album,14,https://open.spotify.com/artist/70BYFdaZbEKbeauJ670ysI,https://i.scdn.co/image/ab67616d0000b273bb85bcab29cd1c193c46afb1
SICK PUPPIES,Tri-polar,17GBjeSa10SoUukS9lJCTv,https://open.spotify.com/album/17GBjeSa10SoUukS9lJCTv,2010-01-01,album,13,https://open.spotify.com/artist/7qAcXJgt1PWnxwUgxMdyuk,https://i.scdn.co/image/ab67616d0000b273335f7a7a00b228e3f1a34abb
SICK PUPPIES,Dressed Up As Life,7zEvxcdeNWrFZCnWUnpDOC,https://open.spotify.com/album/7zEvxcdeNWrFZCnWUnpDOC,2007-01-01,album,12,https://open.spotify.com/artist/7qAcXJgt1PWnxwUgxMdyuk,https://i.scdn.co/image/ab67616d0000b2738ce0d8fbe06d22add709d6f4
SICK PUPPIES,Fury,0lZWOKb8eDHxNdkCUNmJH8,https://open.spotify.com/album/0lZWOKb8eDHxNdkCUNmJH8,2016-04-01,album,11,https://open.spotify.com/artist/7qAcXJgt1PWnxwUgxMdyuk,https://i.scdn.co/image/ab67616d0000b273f8708015499f4f250cb1749f
Skillet,Victorious,6uBm8oGd1fJNWpCsaURaPZ,https://open.spotify.com/album/6uBm8oGd1fJNWpCsaURaPZ,2019-08-02,album,12,https://open.spotify.com/artist/49bzE5vRBRIota4qeHtQM8,https://i.scdn.co/image/ab67616d0000b273d1a0d3883bb1f28d712f7669
Slash,World on Fire,3ZyFMWdKyIYxCLbK40OvcV,https://open.spotify.com/album/3ZyFMWdKyIYxCLbK40OvcV,2014-09-16,album,17,https://open.spotify.com/artist/4Cqia9vrAbm7ANXbJGXsTE,https://i.scdn.co/image/ab67616d0000b2732bcb814f969f1abfe944c23e
Slash,Apocalyptic Love,7I6aSAwCcgyucLoggiV74n,https://open.spotify.com/album/7I6aSAwCcgyucLoggiV74n,2012-01-01,album,15,https://open.spotify.com/artist/4Cqia9vrAbm7ANXbJGXsTE,https://i.scdn.co/image/ab67616d0000b27393fcf9e88b195900509772dd
Sleep Token,Take Me Back To Eden,1gjugH97doz3HktiEjx2vY,https://open.spotify.com/album/1gjugH97doz3HktiEjx2vY,2023-05-19,album,12,https://open.spotify.com/artist/2n2RSaZqBuUUukhbLlpnE6,https://i.scdn.co/image/ab67616d0000b2730b73608b678f169d3c8f35f0
Sleep Token,Take Me Back to Eden,1gjugH97doz3HktiEjx2vY,https://open.spotify.com/album/1gjugH97doz3HktiEjx2vY,2023-05-19,album,12,https://open.spotify.com/artist/2n2RSaZqBuUUukhbLlpnE6,https://i.scdn.co/image/ab67616d0000b2730b73608b678f169d3c8f35f0
Sleep Token,Even In Arcadia,1lS7FeRcSUuIGqyg99UGpj,https://open.spotify.com/album/1lS7FeRcSUuIGqyg99UGpj,2025-05-09,album,10,https://open.spotify.com/artist/2n2RSaZqBuUUukhbLlpnE6,https://i.scdn.co/image/ab67616d0000b2730e48dcb579fd8e59d0a3c218
Staind,Break the Cycle,0OwSOrPWyP9batKOhOnaPt,https://open.spotify.com/album/0OwSOrPWyP9batKOhOnaPt,2001-08-20,album,13,https://open.spotify.com/artist/5KDIH2gF0VpelTqyQS7udb,https://i.scdn.co/image/ab67616d0000b273e78596fafee30d0dd305396f
Submersed,In Due Time,2kg7OYu7fN3clQtAzFEh1L,https://open.spotify.com/album/2kg7OYu7fN3clQtAzFEh1L,2004-01-01,album,11,https://open.spotify.com/artist/0539gq2LM2VDs01rp8gnGz,https://i.scdn.co/image/ab67616d0000b2735c0f301e93d3086ceb74476d
Switchfoot,The Beautiful Letdown (Our Version) [Deluxe Edition],5xxmevNUSUFEwao2H1CWlT,https://open.spotify.com/album/5xxmevNUSUFEwao2H1CWlT,2023-09-15,album,25,https://open.spotify.com/artist/6S58b0fr8TkWrEHOH4tRVu,https://i.scdn.co/image/ab67616d0000b27343882fdb47a06d880f61efdc
Switchfoot,The Beautiful Letdown (Deluxe Version),2mIYia4lSO1NCSFGGGGNR9,https://open.spotify.com/album/2mIYia4lSO1NCSFGGGGNR9,2003,album,14,https://open.spotify.com/artist/6S58b0fr8TkWrEHOH4tRVu,https://i.scdn.co/image/ab67616d0000b273656001849b39dfee31b8d855
Switchfoot,NATIVE TONGUE,2fxJMrLJLQzKNOmpCwJcqc,https://open.spotify.com/album/2fxJMrLJLQzKNOmpCwJcqc,2019-01-18,album,14,https://open.spotify.com/artist/6S58b0fr8TkWrEHOH4tRVu,https://i.scdn.co/image/ab67616d0000b27331119b262e991052360663ed
Switchfoot,this is our Christmas album,6wBted9sjsgGSoGhELXaBC,https://open.spotify.com/album/6wBted9sjsgGSoGhELXaBC,2022-11-04,album,12,https://open.spotify.com/artist/6S58b0fr8TkWrEHOH4tRVu,https://i.scdn.co/image/ab67616d0000b2734fbdd7fd41dafe27b42ee695
Switchfoot,Learning To Breathe,4rpXUpnO39yG7ETyugzzIs,https://open.spotify.com/album/4rpXUpnO39yG7ETyugzzIs,2000-01-01,album,11,https://open.spotify.com/artist/6S58b0fr8TkWrEHOH4tRVu,https://i.scdn.co/image/ab67616d0000b2730f6618cd5d9efa9b71cfa688
Switchfoot,New Way To Be Human,02kPSZyDPwxd0MSoBTsBME,https://open.spotify.com/album/02kPSZyDPwxd0MSoBTsBME,1999-01-01,album,10,https://open.spotify.com/artist/6S58b0fr8TkWrEHOH4tRVu,https://i.scdn.co/image/ab67616d0000b27355df4c8ccbb6c33d5f9d9928
Switchfoot,Vice Verses,2qnMImXW52NQft6bgMOksW,https://open.spotify.com/album/2qnMImXW52NQft6bgMOksW,2011-09-19,album,12,https://open.spotify.com/artist/6S58b0fr8TkWrEHOH4tRVu,https://i.scdn.co/image/ab67616d0000b2730ed3a38641fe1b6a7aa35662
Switchfoot,Hello Hurricane,13g5iiYz95LhLJc6AVXHu9,https://open.spotify.com/album/13g5iiYz95LhLJc6AVXHu9,2009-11-03,album,12,https://open.spotify.com/artist/6S58b0fr8TkWrEHOH4tRVu,https://i.scdn.co/image/ab67616d0000b2737bf134795c342204d0d4c731
Switchfoot,Nothing Is Sound,67s7cTDzGwhWwZeJD9OhSX,https://open.spotify.com/album/67s7cTDzGwhWwZeJD9OhSX,2005-09-13,album,12,https://open.spotify.com/artist/6S58b0fr8TkWrEHOH4tRVu,https://i.scdn.co/image/ab67616d0000b273e6710ca8d1b1532efda0899e
Switchfoot,Learning to Breathe,4rpXUpnO39yG7ETyugzzIs,https://open.spotify.com/album/4rpXUpnO39yG7ETyugzzIs,2000-01-01,album,11,https://open.spotify.com/artist/6S58b0fr8TkWrEHOH4tRVu,https://i.scdn.co/image/ab67616d0000b2730f6618cd5d9efa9b71cfa688
System Of A Down,Toxicity,6jWde94ln40epKIQCd8XUh,https://open.spotify.com/album/6jWde94ln40epKIQCd8XUh,2001-09-04,album,15,https://open.spotify.com/artist/5eAWCfyUhZtHHtBdNk56l1,https://i.scdn.co/image/ab67616d0000b27307bc7d2a745636c356b4d0aa
Temple of the Dog,Temple of the Dog,63HdXCn0Xz1pRZc2GzMw7k,https://open.spotify.com/album/63HdXCn0Xz1pRZc2GzMw7k,1990-01-01,album,10,https://open.spotify.com/artist/0iHb0mCbqZTYeb4y9Pirrd,https://i.scdn.co/image/ab67616d0000b273483c3d93af76b1f635f9dc7d
Tenth Avenue North,Over And Underneath,6owfUdoDWVCB7S00NDKPKM,https://open.spotify.com/album/6owfUdoDWVCB7S00NDKPKM,2008,album,11,https://open.spotify.com/artist/7v35CkHBaT1SStgQHl95a0,https://i.scdn.co/image/ab67616d0000b27382763ec23898a051719d0844
The Mayfield Four,Second Skin,1V45qWyrMRLOW500izE2KM,https://open.spotify.com/album/1V45qWyrMRLOW500izE2KM,2001-06-26,album,12,https://open.spotify.com/artist/05NCiWxfvfgFSzPxwGq0rp,https://i.scdn.co/image/ab67616d0000b273d13e0f83380948e60d07e522
The Mayfield Four,Fallout,1dCOeYkPPIdsuO8Cu8psBK,https://open.spotify.com/album/1dCOeYkPPIdsuO8Cu8psBK,1998-05-26,album,12,https://open.spotify.com/artist/05NCiWxfvfgFSzPxwGq0rp,https://i.scdn.co/image/ab67616d0000b273070618a2ee26c347fb21e6a3
Thousand Foot Krutch,Welcome To The Masquerade,0naBUL1S18t9eY9hR9YbDM,https://open.spotify.com/album/0naBUL1S18t9eY9hR9YbDM,2009-01-01,album,13,https://open.spotify.com/artist/6GfiCQDFYANz5wUkSmb3Dr,https://i.scdn.co/image/ab67616d0000b27349650271cfb119ad20bce6dd
Thousand Foot Krutch,Phenomenon,2W0NcLRNl60IDHL5WUgyjM,https://open.spotify.com/album/2W0NcLRNl60IDHL5WUgyjM,2003-01-01,album,12,https://open.spotify.com/artist/6GfiCQDFYANz5wUkSmb3Dr,https://i.scdn.co/image/ab67616d0000b2739af264c72f603a1344dce6ad
Thousand Foot Krutch,The End Is Where We Begin,6YJYFQ1Zz9I49YQknK4wIn,https://open.spotify.com/album/6YJYFQ1Zz9I49YQknK4wIn,2012-04-17,album,15,https://open.spotify.com/artist/6GfiCQDFYANz5wUkSmb3Dr,https://i.scdn.co/image/ab67616d0000b2731a2e4290b83a4c810d019fcd
Thousand Foot Krutch,The Flame In All Of Us,1Dfy6Abbwe5jHjE4bzcfIy,https://open.spotify.com/album/1Dfy6Abbwe5jHjE4bzcfIy,2007-01-01,album,13,https://open.spotify.com/artist/6GfiCQDFYANz5wUkSmb3Dr,https://i.scdn.co/image/ab67616d0000b2733815c6412efa059ea3eb79ad
Tremonti,All I Was,5ZLNeAlhWtIxjQ2FnD4neR,https://open.spotify.com/album/5ZLNeAlhWtIxjQ2FnD4neR,2012-07-17,album,12,https://open.spotify.com/artist/44tQC1PjxXIpEgW0i8uN00,https://i.scdn.co/image/ab67616d0000b273923389b401c51896f3e9c41f
Tremonti,Dust,2kGJd0xmtOosNBmLTNGRDD,https://open.spotify.com/album/2kGJd0xmtOosNBmLTNGRDD,2016-04-29,album,10,https://open.spotify.com/artist/44tQC1PjxXIpEgW0i8uN00,https://i.scdn.co/image/ab67616d0000b27397dcde7fe539a7a9cbd43c4c
Tremonti,Marching in Time,0kxRp8FlcQ0Sx2edzWzEGe,https://open.spotify.com/album/0kxRp8FlcQ0Sx2edzWzEGe,2021-09-24,album,12,https://open.spotify.com/artist/44tQC1PjxXIpEgW0i8uN00,https://i.scdn.co/image/ab67616d0000b273637e89ff78dd788f32817c24
Tremonti,A Dying Machine,2R1IjPABG3Ttq0fKRKz5yd,https://open.spotify.com/album/2R1IjPABG3Ttq0fKRKz5yd,2018-06-08,album,14,https://open.spotify.com/artist/44tQC1PjxXIpEgW0i8uN00,https://i.scdn.co/image/ab67616d0000b273cf904508a6a187fad5b9ea4f
Tremonti,Cauterize,5pnRM3GGHBiPEWDHBHjKFh,https://open.spotify.com/album/5pnRM3GGHBiPEWDHBHjKFh,2015-06-09,album,10,https://open.spotify.com/artist/44tQC1PjxXIpEgW0i8uN00,https://i.scdn.co/image/ab67616d0000b2739e0522f9182331373d58dc15
Tremonti,A Dying Machine (Deluxe Version),6C9M7TISGcCtqXu5xU3viY,https://open.spotify.com/album/6C9M7TISGcCtqXu5xU3viY,2019-02-15,album,16,https://open.spotify.com/artist/44tQC1PjxXIpEgW0i8uN00,https://i.scdn.co/image/ab67616d0000b2737f2ae224cab0f5f067c1150b
Tremonti,The End Will Show Us How,0tQNVwSxVYCwaEa8HfHCd4,https://open.spotify.com/album/0tQNVwSxVYCwaEa8HfHCd4,2025-01-10,album,12,https://open.spotify.com/artist/44tQC1PjxXIpEgW0i8uN00,https://i.scdn.co/image/ab67616d0000b273cf16dd0662d88255cdd3bd57
Twenty One Pilots,Blurryface,3cQO7jp5S9qLBoIVtbkSM1,https://open.spotify.com/album/3cQO7jp5S9qLBoIVtbkSM1,2015-05-15,album,14,https://open.spotify.com/artist/3YQKmKGau1PzlVlkL1iodx,https://i.scdn.co/image/ab67616d0000b2732df0d98a423025032d0db1f7
Twenty One Pilots,Vessel,2r2r78NE05YjyHyVbVgqFn,https://open.spotify.com/album/2r2r78NE05YjyHyVbVgqFn,2013-01-08,album,12,https://open.spotify.com/artist/3YQKmKGau1PzlVlkL1iodx,https://i.scdn.co/image/ab67616d0000b2736caad685af37c08063be928d
Twenty One Pilots,Clancy,1KFWgQTw3EMTQebaaepVBI,https://open.spotify.com/album/1KFWgQTw3EMTQebaaepVBI,2024-05-24,album,13,https://open.spotify.com/artist/3YQKmKGau1PzlVlkL1iodx,https://i.scdn.co/image/ab67616d0000b2739cf15c7323fb85b7112197d5
Vampire Weekend,Only God Was Above Us,1W04wu2W4OIcuiNc5AMB3y,https://open.spotify.com/album/1W04wu2W4OIcuiNc5AMB3y,2024-04-05,album,10,https://open.spotify.com/artist/5BvJzeQpmsdsFp4HGUYUEx,https://i.scdn.co/image/ab67616d0000b2731f4e2d002b9d1920339a5109
Vampire Weekend,Modern Vampires of the City,1GXMNFfoHF4sN7lG8gZq1j,https://open.spotify.com/album/1GXMNFfoHF4sN7lG8gZq1j,2013-05-13,album,12,https://open.spotify.com/artist/5BvJzeQpmsdsFp4HGUYUEx,https://i.scdn.co/image/ab67616d0000b273654afcab578b93f29ca55a29
Vampire Weekend,Contra,0H8cHlbp6eieUUOLmv4FzJ,https://open.spotify.com/album/0H8cHlbp6eieUUOLmv4FzJ,2010-01-12,album,10,https://open.spotify.com/artist/5BvJzeQpmsdsFp4HGUYUEx,https://i.scdn.co/image/ab67616d0000b273d677f7d8a27bc830caacbeeb
Young the Giant,Young The Giant,0SjFStr64eylrHDmZHGiTI,https://open.spotify.com/album/0SjFStr64eylrHDmZHGiTI,2011,album,12,https://open.spotify.com/artist/4j56EQDQu5XnL7R3E9iFJT,https://i.scdn.co/image/ab67616d0000b2732d057fa5b5580c47ea6474c4
Young the Giant,Mind Over Matter,3cSzKBfylctgJwqorcNEo2,https://open.spotify.com/album/3cSzKBfylctgJwqorcNEo2,2014-01-17,album,13,https://open.spotify.com/artist/4j56EQDQu5XnL7R3E9iFJT,https://i.scdn.co/image/ab67616d0000b2735d1a1b0e0f3e0fc586393092